Timestamp,How old are you?,Gender:,Job:,Do you use the metro?,Which metro do you use more?,How many days do you usually use the metro each week?,Do you usually pay for your ticket? (Your answer is completely anonymous!),Have you ever tried to not pay?,Can you tell us how that experience did go? Was it easy? Did you fear you might get caught? Have you been controlled?,Why do you sometimes prefer not to pay for your ticket?,Can you tell us why you’ve never tried on a free ride?,Do you easily notice when someone doesn't pay for his/her ride?,"If someone wants you to help him to not pay for his ticket, would you do so? Why?",What is your reaction when you see someone passing through (the barrier if it is in Lisboa) without paying?,"There is a warning light on the floor and an alarm sound, which are activated as soon as someone passes without a valid ticket. Would you be more likely to pay in this case?",Would this motivate you to judge someone who is not paying?,"In such a case, would you consider calling that person?",And would you consider calling a nearby authority?,...cheaper?,...quicker to buy a ticket?,...easier to buy a ticket?,How pleased are you with the use of the Metro ?,What would you recommend to increase the general satisfaction of the metro users ?
15/10/2018 18:40:40,,,,Yes,,4,Yes,"No, I always paid for my ride",,,"It's against the law, I couldn't do it! ",No,"No, because I find it weird",I just carry on with my life,Yes,Yes,Yes,Yes,,,,,
16/10/2018 18:37:07,25 - 34,Female/ Feminio,Student/ Estudante,Yes,Lisboa,3,Yes / Sim,"No, I always paid for my ride / não, pago sempre pela minha viagem",,,"Because in Lisbon it's almost impossible to not paying (I'm from Germany, there you can enter the metro without those gates)",Yes / Sim,No. Because I think it's not fair not to pay.,"I'm getting angry, but usually I don't say anything ",Yes / Sim,Yes / Sim,Yes / Sim,Maybe / Talvez,No / Não,Yes / Sim,No / Não,7,I think it's already good 
16/10/2018 18:38:57,18 - 24,Male/ Masculino,Student/ Estudante,Yes,Porto,4,Yes / Sim,"Yes, I tried to ride for free once / sim, já tentei andar sem pagar uma vez","Foi fácil, não houve grande segurança pelo caminho",It saves me time when I'm in a rush. / Para poupar tempo quando esotu com pressa,,Yes / Sim,"Claro, a máquina de compra pode ser complicada para algumas pessoas e não custa ajudar","Nenhuma, é uma escolha pessoal de cada um, há consequências ",Yes / Sim,Yes / Sim,No / Não,Yes / Sim,Yes / Sim,Yes / Sim,Yes / Sim,7," Maior facilidade na compra do bilhete, maior afluência de transportes"
16/10/2018 18:41:54,18 - 24,Female/ Feminio,Student/ Estudante,Yes,Lisboa,5,Yes / Sim,"Yes, I tried to ride for free once / sim, já tentei andar sem pagar uma vez","So o fiz porque o meu cartão entre viagens não passou para sair. Mas sim, tive medo",Prefiro pagar sempre,,Yes / Sim,"Não, todos devemos pagar um serviço que utilizamos. Pelo menos assim temos maiores possibilidades de que o serviço melhore.",Nenhuma. ,Yes / Sim,Yes / Sim,No / Não,Yes / Sim,Yes / Sim,Yes / Sim,Yes / Sim,8,Mais frequência de metros. Melhoria das cancelas
16/10/2018 18:43:15,18 - 24,Male/ Masculino,Student-worker/ Trabalhador-estudante,Yes,Lisboa,1,Yes / Sim,"Yes, I tried to ride for free once / sim, já tentei andar sem pagar uma vez","I had a little bit of fear, but it was very easy to do",It saves money. / Para poupar dinheiro,,Yes / Sim,"I would help, but it happens very rarely",Its so common that i ignore it,Maybe / Talvez,Yes / Sim,No / Não,No / Não,Yes / Sim,Yes / Sim,Yes / Sim,7,"Less problems in the line, more trains in rush hour"
16/10/2018 18:44:36,18 - 24,Female/ Feminio,Student/ Estudante,Yes,Lisboa,0,Yes / Sim,"No, I always paid for my ride / não, pago sempre pela minha viagem",,,"Faz parte das regras do serviço pagar bilhete. É estúpido e é injusto para as pessoas que pagam uma pessoa usar o serviço sem pagar bilhete. E se uma pessoa for apanhada sem bilhete tem consequências (por exemplo, nos comboios da cp paga-se x vezes o bilhete mínimo; não sei o que metro faz).  ",No / Não,"Não, todas as pessoas devem pagar. ","Acho injusto, pois todos deviam pagar. ",Yes / Sim,Yes / Sim,No / Não,Maybe / Talvez,Yes / Sim,Yes / Sim,Yes / Sim,5,"Nas horas de ponta, ter metros mais frequentes para as pessoas não ficarem entaladas como se estivessem numa lata de sardinhas. "
16/10/2018 18:47:42,18 - 24,Female/ Feminio,Student/ Estudante,Yes,Porto,3,Yes / Sim,"Yes, I tried to ride for free once / sim, já tentei andar sem pagar uma vez",Quando tento fazer isso é só uma ou duas paragens. ,"It saves money. / Para poupar dinheiro, It saves me time when I'm in a rush. / Para poupar tempo quando esotu com pressa, Por vezes é só por uma paragem a mais das zonas que possuo",,No / Não,"Se for por falta de dinheiro, ou por uma paragem, sim","Nenhuma, uma vez que também o faço",Yes / Sim,No / Não,Maybe / Talvez,No / Não,Yes / Sim,Yes / Sim,Yes / Sim,4,"Melhores condições (limpeza, por exemplo), bilhetes mais baratos"
16/10/2018 18:52:39,25 - 34,Male/ Masculino,Student/ Estudante,No,,,,,,,,,,,,,,,No / Não,No / Não,No / Não,6,QUE METRO VENHA ATE CARNAXIDE
16/10/2018 18:53:57,18 - 24,Male/ Masculino,Student/ Estudante,Yes,Lisboa,2,Yes / Sim,"No, I always paid for my ride / não, pago sempre pela minha viagem",,,BECAUSE IT IS WRONG AND MY MOTHER ALWAYS TOLD ME TO PRACTICE THE GOOD AND NOT TO CHEAT.,Yes / Sim,"I tell them no, because my mother taught me so.",No reaction,Yes / Sim,Maybe / Talvex,Maybe / Talvez,Maybe / Talvez,Yes / Sim,Yes / Sim,No / Não,7,Mais carruagens.
16/10/2018 18:55:37,18 - 24,Male/ Masculino,Student-worker/ Trabalhador-estudante,Yes,Lisboa,5,Yes / Sim,"Yes, I tried to ride for free once / sim, já tentei andar sem pagar uma vez","Once I had 60 euros on my wallet - 3 bills of 20, which you can't use on subway machines. So... I didn't pay, although I had more than enough on me.
And no. I never felt I might get caught, simply because only once I saw a supervisor coming into the subway and checking tickets.",When I forget to bring less than 20 euro bils.,,Yes / Sim,Why bother?  It's not like they won't pass... At least you avoid trouble early in the morning.,"I pay for it (except a couple times..), so I don't like it.",Yes / Sim,Yes / Sim,No / Não,No / Não,Yes / Sim,Yes / Sim,Yes / Sim,8,The line not breaking down so often.
16/10/2018 18:56:47,18 - 24,Male/ Masculino,Student/ Estudante,Yes,Lisboa,4,Yes / Sim,"No, I always paid for my ride / não, pago sempre pela minha viagem",,,,Yes / Sim,Nop,"I dont like it, but i do nothing most of the times",Maybe / Talvez,No / Não,No / Não,Maybe / Talvez,Yes / Sim,Yes / Sim,Yes / Sim,8,size and quantity of trains
16/10/2018 18:58:17,18 - 24,Female/ Feminio,Student-worker/ Trabalhador-estudante,Yes,Lisboa,7,Yes / Sim,"Yes, I tried to ride for free once / sim, já tentei andar sem pagar uma vez","It was easy but it depends on the metro station, some of them have more control or less confusion than others. It was only once or twice because i forgot to recharge my monthly pass.",It saves me time when I'm in a rush. / Para poupar tempo quando esotu com pressa,,Yes / Sim,No. Because one thing is doing it for myself and for some reasons. But in general i would not help. Unless he needed to get out and not get in. ,no reaction,Yes / Sim,Yes / Sim,Maybe / Talvez,Maybe / Talvez,Yes / Sim,Yes / Sim,Yes / Sim,6,Do not reduce the number of carriages because in lisbon right now we need all of them. And in rush hour increase their frequency. 
16/10/2018 19:00:11,18 - 24,Female/ Femino,Student/ Estudante,Yes,Lisboa,3,Yes / Sim,"No, I always paid for my ride / não, pago sempre pela minha viagem",,,"I don't need to, I have a monthly subscription for which I pay.",Yes / Sim,"If I'm asked to, I don't. If they do it without asking me I tend to ignore, since it's useless. 
Because it's only fair for everybody if you pay",Annoyed,Yes / Sim,Yes / Sim,Maybe / Talvez,Maybe / Talvez,Yes / Sim,Yes / Sim,Yes / Sim,6,Increase frequency
16/10/2018 19:00:57,18 - 24,Male/ Masculino,Student/ Estudante,Yes,Lisboa,0,Yes / Sim,"No, I always paid for my ride / não, pago sempre pela minha viagem",,,É Ilegal,Yes / Sim,Yes because it's their problem,I dont care,Yes / Sim,Yes / Sim,No / Não,Maybe / Talvez,Yes / Sim,Yes / Sim,Yes / Sim,5,None
16/10/2018 19:00:57,18 - 24,Female/ Femino,Unemployed/ Desempregado,Yes,Lisboa,1,Yes / Sim,"No, I always paid for my ride / não, pago sempre pela minha viagem",,,,Yes / Sim,Sim. ,Fico revoltada ,Maybe / Talvez,Yes / Sim,Yes / Sim,Yes / Sim,No / Não,Yes / Sim,Yes / Sim,4,O facto de até ser barato 
16/10/2018 19:02:28,18 - 24,Female/ Femino,Student/ Estudante,Yes,Porto,2,Yes / Sim,"No, I always paid for my ride / não, pago sempre pela minha viagem",,,Evitar pagar a multa e porque usufruo do transporte,Yes / Sim,Não ,Não faço nada,Yes / Sim,Yes / Sim,Maybe / Talvez,No / Não,Yes / Sim,Yes / Sim,Yes / Sim,5,"Ser mais barato;
No metro subterrâneo haver maior cobertura de rede"
16/10/2018 19:04:02,18 - 24,Male/ Masculino,Student/ Estudante,Yes,Lisboa,5,Yes / Sim,"No, I always paid for my ride / não, pago sempre pela minha viagem",,,Sou um gajo às direitas.,Yes / Sim,Se a minha vida estiver em risco sim. Caso contrário não.,Penso que estou no país errado.,Yes / Sim,Yes / Sim,Maybe / Talvez,Maybe / Talvez,Yes / Sim,Yes / Sim,Yes / Sim,3,"Menos atrasos, tempos de espera realistas em vez de 10s que na realidade são 1min. Carruagens decentes sem parecer que estou a andar num cidade isolada da Rússia. E acima de tudo mais frequência de comboios nas horas de ponta, não tolero muito seres humanos."
16/10/2018 19:07:00,18 - 24,Female/ Femino,Student/ Estudante,Yes,Lisboa,2,Yes / Sim,"No, I always paid for my ride / não, pago sempre pela minha viagem",,,,Yes / Sim,Não ajudo mas também não fico preocupada se entrar ao mesmo tempo que eu através do meu bilhete ,Abano a cabeça ,Yes / Sim,No / Não,No / Não,No / Não,Maybe / Talvez,Maybe / Talvez,No / Não,2,Um tempo de espera mais curto 
16/10/2018 19:08:53,18 - 24,Female/ Femino,Student/ Estudante,Yes,Lisboa,4,Yes / Sim,"No, I always paid for my ride / não, pago sempre pela minha viagem",,,Não é muito caro e provavelmente seria apanhada a tentar,Yes / Sim,"Talvez, se tivesse uma boa razão para não poder pagar",Nenhuma,Yes / Sim,Maybe / Talvex,Maybe / Talvez,Maybe / Talvez,Yes / Sim,Yes / Sim,Yes / Sim,8,Bilhete mais barato
16/10/2018 19:13:50,18 - 24,Male/ Masculino,Student/ Estudante,Yes,Porto,0,Yes / Sim,"Yes, I tried to ride for free once / sim, já tentei andar sem pagar uma vez",Não  tive tempo para carregar porque o metro já tinha chegado e estava atrasado. ,It saves me time when I'm in a rush. / Para poupar tempo quando esotu com pressa,,Yes / Sim,"Não, pq é um ato incorreto ",Nenhuma ,Yes / Sim,Maybe / Talvex,No / Não,Maybe / Talvez,Maybe / Talvez,Maybe / Talvez,Maybe / Talvez,7,Maior capacidade de resposta à grande quantidade de utilizadores do metro. Mais rápido. Mais vigilância. Mais abrangente pela cidade. 
16/10/2018 19:18:28,18 - 24,Female/ Femino,Student/ Estudante,Yes,Lisboa,7,Yes / Sim,"Yes, I tried to ride for free once / sim, já tentei andar sem pagar uma vez","Sim, tive e tenho medo porque faço na mesma isso várias vezes",It saves money. / Para poupar dinheiro,,Yes / Sim,"Sim ajudo, desde que não seja regularmente ",Nenhuma. Ele é que fez bem! ,Maybe / Talvez,No / Não,No / Não,No / Não,,,,8,Dias de descontos 
16/10/2018 19:20:09,18 - 24,Female/ Femino,Student/ Estudante,No,,,,,,,,,,,,,,,Maybe / Talvez,Maybe / Talvez,Maybe / Talvez,7,
16/10/2018 19:25:40,18 - 24,Male/ Masculino,Student/ Estudante,Yes,Lisboa,5,Yes / Sim,"Yes, I tried to ride for free once / sim, já tentei andar sem pagar uma vez","Foi fácil, mas há sempre aquele medo do pica",It saves me time when I'm in a rush. / Para poupar tempo quando esotu com pressa,,Yes / Sim,No,"I get mad
",Yes / Sim,Yes / Sim,Maybe / Talvez,Maybe / Talvez,,,,5,
16/10/2018 19:26:14,18 - 24,Male/ Masculino,Student/ Estudante,Yes,Lisboa,4,Yes / Sim,"No, I always paid for my ride / não, pago sempre pela minha viagem",,,Princípios éticos e morais,Yes / Sim,"deixo passar atrás, porque não?",não quero saber mas desgosto da pessoa,No / Não,Yes / Sim,No / Não,No / Não,,,,6,Mais comboios
16/10/2018 19:26:18,18 - 24,Apache Helicopter,Student/ Estudante,Yes,Lisboa,4,Yes / Sim,"Yes, I tried to ride for free once / sim, já tentei andar sem pagar uma vez","No Porto nunca paguei bilhete, visto nao haver cancelas e ser fácil fugir aos picas. Em Lisboa ja andei algumas vezes, passando junto com amigos na mesma cancela e como a fiscalização é quase nula, também foi bastante facil. ","It saves me time when I'm in a rush. / Para poupar tempo quando esotu com pressa, Nao ter dinheiro comigo",,Yes / Sim,Depende do aspeto da pessoa.,Tou-me a cagar,Yes / Sim,Yes / Sim,No / Não,Maybe / Talvez,,,,0,Que o serviço do metro de lisboa deixe de ser uma merda
16/10/2018 19:27:13,18 - 24,Female/ Femino,Student/ Estudante,Yes,Lisboa,7,Yes / Sim,"No, I always paid for my ride / não, pago sempre pela minha viagem",,,,Yes / Sim,"Não, não está correto",Ignoro,Yes / Sim,No / Não,No / Não,No / Não,,,,4,Maior regularidade
16/10/2018 19:30:31,18 - 24,Male/ Masculino,Retired/ Reformado,Yes,Lisboa,3,Yes / Sim,"Yes, I tried to ride for free once / sim, já tentei andar sem pagar uma vez","I thought I lost my ticket, so I got out behind someone else. It was easy once I saw there was no one around. It was at Santa Apolónia station",I thought I lost my ticket,,Yes / Sim,"No, because I don't agree with the action","I'm used to it, but it's still bad because the service is bad enough with most of us paying",Yes / Sim,No / Não,No / Não,No / Não,,,,7,Increasing the conditions of the current cars. In certain places the noise is unbearable
16/10/2018 19:30:41,18 - 24,Male/ Masculino,Student/ Estudante,Yes,Lisboa,2,Yes / Sim,"No, I always paid for my ride / não, pago sempre pela minha viagem",,,Values,Yes / Sim,I would. You never know how you're dealing with.,I try to ignore,No / Não,No / Não,No / Não,No / Não,,,,4,Just some way to decrease the concentration of people
16/10/2018 19:31:33,18 - 24,Female/ Femino,Student-worker/ Trabalhador-estudante,Yes,Lisboa,5,Yes / Sim,"No, I always paid for my ride / não, pago sempre pela minha viagem",,,,Yes / Sim,"Não, por mim se o quiserem fazer desde que eu não tenha nada a ver, ou seja, desde que não me peçam ajudam podem passar... Se pedirem eu tento negar com alguma delicadeza ",É bastante comum portanto ignoro ,Yes / Sim,Maybe / Talvex,No / Não,Maybe / Talvez,,,,4,"Melhores condições, em termos de bancos e ventilação "
16/10/2018 19:35:18,25 - 34,Female/ Femino,Student-worker/ Trabalhador-estudante,Yes,Lisboa,3,No / Não,,,It saves me time when I'm in a rush. / Para poupar tempo quando esotu com pressa,,Yes / Sim,fdsfdsf,fdssdf,Yes / Sim,Maybe / Talvex,Maybe / Talvez,No / Não,,,,8,
16/10/2018 20:00:50,18 - 24,Female/ Femino,Student/ Estudante,Yes,Lisboa,7,Yes / Sim,"No, I always paid for my ride / não, pago sempre pela minha viagem",,,Para não pagar multa ,Yes / Sim,No,Nenhuma,Yes / Sim,Yes / Sim,Maybe / Talvez,Yes / Sim,,,,8,
16/10/2018 20:03:48,18 - 24,Female/ Femino,Student/ Estudante,Yes,Porto,0,Yes / Sim,"No, I always paid for my ride / não, pago sempre pela minha viagem",,,Existem picas,No / Não,"Não, porque eu pago o meu",Acho falta de respeito,Yes / Sim,Maybe / Talvex,Maybe / Talvez,Maybe / Talvez,,,,7,
16/10/2018 20:04:35,18 - 24,Male/ Masculino,Student/ Estudante,Yes,Lisboa,5,Yes / Sim,"No, I always paid for my ride / não, pago sempre pela minha viagem",,,Não é eticamente correcto.,Yes / Sim,Não. Só tem direito a usar o metro quem paga pelo bilhete.,Desprezo,Yes / Sim,Yes / Sim,No / Não,Maybe / Talvez,,,,3,Aumentar a frequência da circulação; Expandir a sua rede (estações novas) correctamente.
16/10/2018 20:08:43,18 - 24,Female/ Femino,Student/ Estudante,No,,,,,,,,,,,,,,,Maybe / Talvez,Yes / Sim,Yes / Sim,5,"Mais carruagens
Mais lugares sentados
Preços mais acessíveis"
16/10/2018 20:12:42,18 - 24,Male/ Masculino,Student/ Estudante,Yes,Lisboa,0,Yes / Sim,"Yes, I tried to ride for free once / sim, já tentei andar sem pagar uma vez",,It saves money. / Para poupar dinheiro,,Yes / Sim,y,y,Yes / Sim,Maybe / Talvex,No / Não,No / Não,,,,4,
16/10/2018 20:13:35,18 - 24,Male/ Masculino,Student/ Estudante,Yes,Porto,1,Yes / Sim,"No, I always paid for my ride / não, pago sempre pela minha viagem",,,,No / Não,Não ,Não acho bem ,Yes / Sim,Maybe / Talvex,No / Não,No / Não,,,,6,
16/10/2018 20:15:38,18 - 24,Male/ Masculino,Student/ Estudante,Yes,Lisboa,5,Yes / Sim,"No, I always paid for my ride / não, pago sempre pela minha viagem",,,pq acho q devo pagar por qlqr serviço q me é fornecido (?),Yes / Sim,n me quero chatear,é chato,Maybe / Talvez,No / Não,No / Não,No / Não,,,,7,passar mais frequentemente
16/10/2018 20:16:01,18 - 24,Male/ Masculino,Student/ Estudante,Yes,Porto,1,Yes / Sim,"Yes, I tried to ride for free once / sim, já tentei andar sem pagar uma vez",Easy.,It saves money. / Para poupar dinheiro,,No / Não,No. Because is not correct.,Fuck it.,Maybe / Talvez,No / Não,No / Não,No / Não,,,,9,"Lower prices, obviously."
16/10/2018 20:20:08,25 - 34,Female/ Femino,Employed/ Empregado,Yes,Lisboa,3,Yes / Sim,"No, I always paid for my ride / não, pago sempre pela minha viagem",,,Não considero correto.,No / Não,"Não. Porque se não tem possibilidades, existem outros meios de transportes e não devem prejudicar outros. ",É indiferente. Cada um sabe de si e deve assumir as suas responsabilidades,Maybe / Talvez,No / Não,Maybe / Talvez,No / Não,,,,3,"Melhor higiene, mais carruagens, menos tempo entre metros, melhores condições das carruagens, mais seguranca nas carruagens e nas estações de metro, mais acessibilidade para carrinhos de bebê e cadeiras de rodas, mais funcionários nas bilheteiras e nas carruagens e mais simpatia dos mesmos para pedidos de esclarecimentos, menos atrasos e menos greves."
16/10/2018 20:20:19,18 - 24,Female/ Femino,Student/ Estudante,Yes,Porto,2,Yes / Sim,"Yes, I tried to ride for free once / sim, já tentei andar sem pagar uma vez","It was easy, was kinda afraid",It saves me time when I'm in a rush. / Para poupar tempo quando esotu com pressa,,Yes / Sim,No,Never saw ,Yes / Sim,No / Não,No / Não,No / Não,,,,10,
16/10/2018 20:20:49,25 - 34,Female/ Femino,Employed/ Empregado,Yes,Lisboa,4,Yes / Sim,"No, I always paid for my ride / não, pago sempre pela minha viagem",,,,Yes / Sim,Não ,Não faço nada,Yes / Sim,Yes / Sim,Maybe / Talvez,Maybe / Talvez,,,,6,
16/10/2018 20:21:25,18 - 24,Female/ Femino,Student/ Estudante,No,,,,,,,,,,,,,,,No / Não,No / Não,No / Não,7,
16/10/2018 20:27:15,25 - 34,Female/ Femino,Employed/ Empregado,Yes,Lisboa,5,Yes / Sim,"Yes, I tried to ride for free once / sim, já tentei andar sem pagar uma vez",Medo,It saves money. / Para poupar dinheiro,,Yes / Sim,Sim. Porque quando não tinha dinheiro não pagava então ajudo,Normal cada um sabe de si,Maybe / Talvez,No / Não,No / Não,No / Não,,,,4,Mais metros em curto periodo de tempo 
16/10/2018 20:28:14,18 - 24,Male/ Masculino,Student/ Estudante,Yes,Lisboa,6,Yes / Sim,"No, I always paid for my ride / não, pago sempre pela minha viagem",,,Tenho passe!,Yes / Sim,"Sim, não quero problemas nem tenho o dever de fazer cumprir as normas do metro.","Olhar, rir, seguir",Maybe / Talvez,No / Não,No / Não,No / Não,,,,6,Melhor gestão do número de comboios em função da hora do dia.
16/10/2018 20:30:29,18 - 24,Female/ Femino,Student/ Estudante,Yes,Porto,5,Yes / Sim,"No, I always paid for my ride / não, pago sempre pela minha viagem",,,,No / Não,Nao,Descontentamento ,Yes / Sim,Maybe / Talvex,Maybe / Talvez,No / Não,,,,7,
16/10/2018 20:35:03,18 - 24,Female/ Femino,Employed/ Empregado,Yes,Porto,7,Yes / Sim,"No, I always paid for my ride / não, pago sempre pela minha viagem",,,Pago sempre,Yes / Sim,Não ,Deviam de andar os “picas”  e passar uma multa  e bem pesada porque se eu pago os outros também o deveriam de fazer. Custa a todos ,No / Não,No / Não,No / Não,No / Não,,,,10,No Porto meter os torniquetes como no Reino Unido . Algo que não tem lógica é pagarmos o passe e termos que validar não tem lógica está pago está pago . Se não passarmos e vier o revisor ainda levamos com uma multa  o que não tem qualquer lógica 
16/10/2018 20:43:09,18 - 24,Female/ Femino,Student/ Estudante,Yes,Porto,6,No / Não,,,It saves money. / Para poupar dinheiro,,Yes / Sim,Depende mas se for um amigo ou familiar sim,não me aquece nem arrefece,Yes / Sim,No / Não,No / Não,No / Não,,,,1,Preços mais baixos! O transporte é um direito num mundo ideal devia ser totalmente gratuito. Como não vivemos num mundo ideal deviam tentar o mais próximo.
16/10/2018 20:44:13,18 - 24,Male/ Masculino,Student/ Estudante,Yes,Lisboa,1,Yes / Sim,"Yes, I tried to ride for free once / sim, já tentei andar sem pagar uma vez",,It saves money. / Para poupar dinheiro,,No / Não,Sim,Deixo passar,Yes / Sim,Yes / Sim,No / Não,No / Não,,,,5,
16/10/2018 20:45:49,18 - 24,Female/ Femino,Student/ Estudante,Yes,Lisboa,5,Yes / Sim,"Yes, I tried to ride for free once / sim, já tentei andar sem pagar uma vez",sim,It saves me time when I'm in a rush. / Para poupar tempo quando esotu com pressa,,Yes / Sim,"sim, mas normalmente não pedem","Quando passam atrás de desconhecidos: indignação, normalmente quer dizer que fazem isso sempre",Yes / Sim,Maybe / Talvex,No / Não,No / Não,,,,3,Mais metros nas horas e ponta; menos greves
16/10/2018 20:47:55,18 - 24,Female/ Femino,Student/ Estudante,Yes,Porto,5,Yes / Sim,"No, I always paid for my ride / não, pago sempre pela minha viagem",,,Não quero apanhar uma multa,Yes / Sim,Sim porque essa pessoa certamente é minha amiga e quero ajudar os meus amigos,Fico irritada e zangada,Yes / Sim,Yes / Sim,No / Não,No / Não,,,,8,Metros a horas
16/10/2018 20:49:17,25 - 34,Male/ Masculino,Student-worker/ Trabalhador-estudante,Yes,Lisboa,4,Yes / Sim,"No, I always paid for my ride / não, pago sempre pela minha viagem",,,É um serviço prestado e que deve ser pago.,Yes / Sim,"Não. Paguei pelo meu bilhete, não pelo dos outros.",Ignoro.,Yes / Sim,Maybe / Talvex,No / Não,No / Não,,,,7,Mais colaboradores do metro por estação.
16/10/2018 20:56:38,25 - 34,Male/ Masculino,Student/ Estudante,Yes,Lisboa,2,Yes / Sim,"Yes, I tried to ride for free once / sim, já tentei andar sem pagar uma vez","was unce cought by the ticket clerk, but since never was cought up.","The ticket is too expensive for the horrible service they have, lack of trains, making long waits for the clients. The line is to loud when the train do a curve, proving that the tracks need to be repaired. Everybody knows the tracks are in super bad condition, because the train needs to go at low speeds to maintain ""safety"".",,Yes / Sim,"normally they don't ask for help, they just pass behind.","Before I was like, ""If they don't pay then they will never have money to repair the trains"". Now? I don't even think about it.",Yes / Sim,Maybe / Talvex,Yes / Sim,Maybe / Talvez,,,,3,"more trains, less time waiting, less noisy tracks, free transports everywhere"
16/10/2018 20:57:57,18 - 24,Female/ Feminino,Student-worker/ Trabalhador-estudante,Yes,Lisboa,7,Yes / Sim,"No, I always paid for my ride / não, pago sempre pela minha viagem",,,"Não acho que seja justo e creio que, se um grande número de pessoas fizer isso, pode contribuir para um maior desgaste da infraestrutura. Havendo maior desgaste mas não havendo a receita que deveria as condições de manutenção podem não ser tão boas. ",Yes / Sim,Tentaria evitar. ,Fico chateada. ,Yes / Sim,Yes / Sim,No / Não,Maybe / Talvez,,,,8,
16/10/2018 20:58:49,18 - 24,Female/ Feminino,Student/ Estudante,Yes,Lisboa,0,Yes / Sim,"No, I always paid for my ride / não, pago sempre pela minha viagem",,,,Yes / Sim,Talvez,Tambem raramente ha picas,Yes / Sim,No / Não,No / Não,No / Não,,,,2,
16/10/2018 21:01:39,18 - 24,Female/ Feminino,Student/ Estudante,Yes,Lisboa,7,Yes / Sim,"Yes, I tried to ride for free once / sim, já tentei andar sem pagar uma vez",Foi uma experiencia facil! E muitas vezes os seguranças do metro esto desatentos! Ou veem e fingem que nao.,"It saves money. / Para poupar dinheiro, E por nao ter o passe em que ja o paguei mensamente e esquecer me dele.",,Yes / Sim,"Ja ajudei, mas apenas quando me pedem pra passar comigo. Nao gosto quando a pessoa quer passar e se ""cola"" a mim para o fazer sem me pedir. ","Considero injusto, pois eu pago o passe e a pessoa nao. No entanto, ha pessoas que tm dificuldades e precisam de se deslocar, cada caso  um caso e tm de ser considerados individualmente.",Yes / Sim,Maybe / Talvex,No / Não,No / Não,,,,5,Bancos de metro que nao estivessem sujos e gastos.
16/10/2018 21:03:21,18 - 24,Male/ Masculino,Student/ Estudante,Yes,Lisboa,1,Yes / Sim,"Yes, I tried to ride for free once / sim, já tentei andar sem pagar uma vez",Did not get caught.,It was only one time and I had no money.,,Yes / Sim,No.,I do nothing besides getting -_-,Yes / Sim,Maybe / Talvex,No / Não,Maybe / Talvez,,,,9,
16/10/2018 21:05:08,18 - 24,Female/ Feminino,Student/ Estudante,Yes,Lisboa,0,Yes / Sim,"No, I always paid for my ride / não, pago sempre pela minha viagem",,,,Yes / Sim,Não ,Nenhuma,Yes / Sim,Yes / Sim,No / Não,No / Não,,,,7,
16/10/2018 21:07:24,18 - 24,Female/ Feminino,Student/ Estudante,Yes,Porto,2,Yes / Sim,"Yes, I tried to ride for free once / sim, já tentei andar sem pagar uma vez","foi fácil,mas sim,tive receio de algum fiscal aparecer",It saves me time when I'm in a rush. / Para poupar tempo quando esotu com pressa,,No / Não,não ,Indignada,Yes / Sim,Maybe / Talvex,No / Não,No / Não,,,,10,
16/10/2018 21:12:24,18 - 24,Female/ Feminino,Student/ Estudante,Yes,Lisboa,0,Yes / Sim,"Yes, I tried to ride for free once / sim, já tentei andar sem pagar uma vez",,"It saves money. / Para poupar dinheiro, It saves me time when I'm in a rush. / Para poupar tempo quando esotu com pressa",,No / Não,Sim,"Não me importo, não faço nada, pois já cheguei a fazer o mesmo ",Yes / Sim,No / Não,Maybe / Talvez,No / Não,,,,5,
16/10/2018 21:12:50,18 - 24,Female/ Feminino,Student/ Estudante,Yes,Lisboa,5,Yes / Sim,"No, I always paid for my ride / não, pago sempre pela minha viagem",,,,Yes / Sim,"Não, cada um dos cidadãos tem deveres e responsabilidades. Neste caso essa pessoa não é diferente, tem o mesmo dever de pagar pelo serviço que vai usar ",Indignação ,Yes / Sim,Yes / Sim,Yes / Sim,Yes / Sim,,,,8,Manutenção de algumas carruagens. 
16/10/2018 21:14:52,18 - 24,Male/ Masculino,Student/ Estudante,Yes,Lisboa,5,Yes / Sim,"No, I always paid for my ride / não, pago sempre pela minha viagem",,,Honestidade,Yes / Sim,"Sim, receio de obter uma reação agressiva.",Disapproval.,Yes / Sim,Yes / Sim,No / Não,No / Não,,,,7,Metros a passar com mais frequencia em horas de ponta
16/10/2018 21:24:42,18 - 24,Female/ Feminino,Student/ Estudante,No,,,,,,,,,,,,,,,Yes / Sim,Yes / Sim,Maybe / Talvez,8,
16/10/2018 21:24:42,25 - 34,Female/ Feminino,Student-worker/ Trabalhador-estudante,Yes,Lisboa,1,Yes / Sim,"No, I always paid for my ride / não, pago sempre pela minha viagem",,,Não tenho coragem,Yes / Sim,Sure,Nenhuma,Yes / Sim,No / Não,No / Não,No / Não,,,,8,
16/10/2018 21:26:22,18 - 24,Male/ Masculino,Student/ Estudante,Yes,Lisboa,1,No / Não,,,It saves money. / Para poupar dinheiro,,Yes / Sim,"Se for um conhecido, sim, por ser conhecido. Caso contrário, não.",Indiferença,Yes / Sim,Maybe / Talvex,No / Não,No / Não,,,,5,More frequent trains in certain times of day
16/10/2018 21:34:41,18 - 24,Female/ Feminino,Student/ Estudante,Yes,Porto,6,Yes / Sim,"Yes, I tried to ride for free once / sim, já tentei andar sem pagar uma vez","Tentei não pagar o metro numa madrugada a sair da Queima das Fitas porque uma amiga se estava a sentir mal. Não correu nada bem porque um controlador nos multou às duas, apesar de eu tentar explicar a situação.",It saves me time when I'm in a rush. / Para poupar tempo quando esotu com pressa,,Yes / Sim,"Não, porque já passei por uma experiência em que sofri as consequências de não pagar.","Ignoro, não há nada que possa fazer e cada pessoa tem responsabilidade para decidir se deve pagar ou não. (A não ser que seja alguém que claramente não sabe como funciona e aí tento ajudar).",Yes / Sim,No / Não,No / Não,No / Não,,,,10,"No caso do Porto, mais metros com 2 triplas. Apesar da sua frequência, nem sempre os metros conseguem levar a quantidade de pessoas necessárias, especialmente em horas de ponta."
16/10/2018 21:39:15,18 - 24,Male/ Masculino,Student/ Estudante,Yes,Lisboa,6,Yes / Sim,"No, I always paid for my ride / não, pago sempre pela minha viagem",,,Compro o passe mensal,Yes / Sim,"Não, porque o dinheiro dos bilhetes dos transportes públicos são do estado e se aquela pessoa não paga o seu bilhete é menos dinheiro para os serviços públicos.",Acho que deviam ser punidos com uma coima,Yes / Sim,Maybe / Talvex,Yes / Sim,Yes / Sim,,,,9,
16/10/2018 21:44:15,25 - 34,Female/ Feminino,Student/ Estudante,Yes,Lisboa,0,Yes / Sim,"No, I always paid for my ride / não, pago sempre pela minha viagem",,,Nunca foi necessário.,Yes / Sim,Tento apenas não atrapalhar,"Não é o mais justo, mas pode ter as suas razões.",Maybe / Talvez,No / Não,No / Não,No / Não,,,,6,
16/10/2018 21:45:40,18 - 24,Male/ Masculino,Student/ Estudante,Yes,Lisboa,5,Yes / Sim,"No, I always paid for my ride / não, pago sempre pela minha viagem",,,I have a monthly ticket,Yes / Sim,"i would not help, but also wouldn't dishelp",i think its bad,Yes / Sim,No / Não,No / Não,No / Não,,,,6,more frequency of trucks
16/10/2018 21:46:01,under 18,Male/ Masculino,Student/ Estudante,Yes,Lisboa,5,Yes / Sim,"Yes, I tried to ride for free once / sim, já tentei andar sem pagar uma vez","Não há que ter medo, não há picas no metro ","It saves money. / Para poupar dinheiro, It saves me time when I'm in a rush. / Para poupar tempo quando esotu com pressa",,Yes / Sim,sim,"Sem reação, não tenho nada haver com isso",Yes / Sim,No / Não,Maybe / Talvez,No / Não,,,,6,
16/10/2018 21:48:27,18 - 24,Female/ Feminino,Student/ Estudante,Yes,Lisboa,1,Yes / Sim,"Yes, I tried to ride for free once / sim, já tentei andar sem pagar uma vez",fear of getting caught,It saves money. / Para poupar dinheiro,,Yes / Sim,depends,not fair ,Yes / Sim,Yes / Sim,Maybe / Talvez,No / Não,,,,4,.
16/10/2018 21:50:08,18 - 24,Female/ Feminino,Student/ Estudante,Yes,Lisboa,7,Yes / Sim,"No, I always paid for my ride / não, pago sempre pela minha viagem",,,Sensatez,Yes / Sim,Só em cadk de acontecimento singular para uma pessoa conhecida,Revolta,Yes / Sim,Yes / Sim,No / Não,Maybe / Talvez,,,,5,
16/10/2018 21:53:56,18 - 24,Male/ Masculino,Student/ Estudante,Yes,Lisboa,0,Yes / Sim,"No, I always paid for my ride / não, pago sempre pela minha viagem",,,E um serviço logo pago,Yes / Sim,"Não oferecia, mas caso se pusessem atrás seguia como se não fosso comigo",Não ligo muito,No / Não,Yes / Sim,No / Não,No / Não,,,,6,Mais metros ainda em horas de ponta
16/10/2018 21:54:01,18 - 24,Female/ Feminino,Student/ Estudante,Yes,Lisboa,5,Yes / Sim,"No, I always paid for my ride / não, pago sempre pela minha viagem",,,Honestidade,Yes / Sim,Sim,Ok,Yes / Sim,No / Não,No / Não,No / Não,,,,3,"Mais barato, mais comboios "
16/10/2018 21:54:38,18 - 24,Female/ Feminino,Student/ Estudante,Yes,Lisboa,6,Yes / Sim,"No, I always paid for my ride / não, pago sempre pela minha viagem",,,Porque é contra as regras.,Yes / Sim,Se for um amigo talvez.,Nada.,Maybe / Talvez,Yes / Sim,Maybe / Talvez,Yes / Sim,,,,5,"Mais frequência nos horários para evitar o excesso de pessoas que se verifica, melhoria na infraestrutura, baixar os preços. "
16/10/2018 21:56:49,18 - 24,Male/ Masculino,Student/ Estudante,Yes,Lisboa,5,Yes / Sim,"No, I always paid for my ride / não, pago sempre pela minha viagem",,,Pago por aquilo que usufruo,Yes / Sim,Não nego mas também não ajudo porque não tenho nada a ver com isso,tristeza,Yes / Sim,Yes / Sim,No / Não,No / Não,,,,7,
16/10/2018 21:56:55,18 - 24,Male/ Masculino,Student/ Estudante,Yes,Lisboa,5,Yes / Sim,"No, I always paid for my ride / não, pago sempre pela minha viagem",,,É imoral,No / Não,Não,"Ignoro, não tem nada a ver comigo",Yes / Sim,Yes / Sim,No / Não,No / Não,,,,7,Mais espaço
16/10/2018 22:02:11,18 - 24,Male/ Masculino,Student/ Estudante,Yes,Lisboa,5,Yes / Sim,"No, I always paid for my ride / não, pago sempre pela minha viagem",,,Nunca senti necessidade de não pagar,Yes / Sim,"Claro, sei que nem toda a gente pode ter oportunidade de pagar por um bilhete",Indiferente ,Yes / Sim,Maybe / Talvex,Maybe / Talvez,No / Não,,,,7,
16/10/2018 22:03:17,18 - 24,Male/ Masculino,Student/ Estudante,Yes,Lisboa,6,Yes / Sim,"Yes, I tried to ride for free once / sim, já tentei andar sem pagar uma vez","No meu primeiro mes com estudante em lisboa não paguei uma vez, nunca fui apanhado nem tive medo. Mesmo hoje, se só for fazer uma viagem durante essa semana por hábito não pago","It saves money. / Para poupar dinheiro, It saves me time when I'm in a rush. / Para poupar tempo quando esotu com pressa",,Yes / Sim,"Depende da atitude que tiver comigo ou se está a chamar a atenção, mas tipicamente deixo que o façam porque acho que o bilhete é demasiado caro para uma viagem, especialmente quando as condições nem sempre são as melhores",Que não sabe fazer as coisas sem chamar a atenção,Maybe / Talvez,No / Não,No / Não,No / Não,,,,5,"Bilhetes e passes mais baratos, que os tempos de espera não fossem tão grandes, que todos os metros fossem de 6 carruagens e que não houvessem tantas vezes perturbações na linha"
16/10/2018 22:06:17,18 - 24,Male/ Masculino,Student/ Estudante,Yes,Lisboa,1,Yes / Sim,"No, I always paid for my ride / não, pago sempre pela minha viagem",,,é meu dever pagar o bilhete,Yes / Sim,Não ajudaria mas também não dificultaria (ex. se tentasse passar atrás de mim nas cancelas),Indiferente,Yes / Sim,Maybe / Talvex,No / Não,No / Não,,,,5,Comboios sem atrasos. Menos intervalo entre comboios
16/10/2018 22:29:36,18 - 24,Male/ Masculino,Student/ Estudante,Yes,Lisboa,5,Yes / Sim,"No, I always paid for my ride / não, pago sempre pela minha viagem",,,Ethics,Yes / Sim,I would cause saying no would waste time.,"Meh, regular day. ",Maybe / Talvez,No / Não,No / Não,No / Não,,,,3,More frequency
16/10/2018 22:31:53,18 - 24,Female/ Feminino,Student/ Estudante,Yes,Lisboa,4,Yes / Sim,"No, I always paid for my ride / não, pago sempre pela minha viagem",,,"Existência de barreiras, e sempre tive disponibilidade/dinheiro para comprar.",Yes / Sim,Dependendo do contexto. Ajudaria se o bilhete da pessoa não estivesse a funcionar.,É tão comum que não tenho nenhuma reacção particular...,Maybe / Talvez,Yes / Sim,No / Não,No / Não,,,,7,Maior frequência dos metros e diminuição de filas e confusão na plataforma
16/10/2018 22:31:53,18 - 24,Female/ Feminino,Student/ Estudante,Yes,Lisboa,0,Yes / Sim,"No, I always paid for my ride / não, pago sempre pela minha viagem",,,Tenho receio de chegar às estações e me vejam a passar as cancelas sem bilhete e pagar multa. ,Yes / Sim,Depende das situações mas normalmente não. Apenas se a pessoa estiver a precisar de ajuda ou alguma situação que eu considere válida. ,Penso que mais tarde ou mais cedo será apanhado. Inclusive já vi pessoas a serem apanhadas. ,Yes / Sim,Yes / Sim,Maybe / Talvez,No / Não,,,,5,"Dar a opção de se pagar o bilhete com o telemóvel, porque por vezes preciso de pagar bilhete e o metro está a chegar e eu perco-o. Com o telemóvel não teria de ficar na fila ou esperar pelos serviços mais lentos das máquinas. "
16/10/2018 22:42:22,18 - 24,Male/ Masculino,Student/ Estudante,Yes,Lisboa,7,Yes / Sim,"Yes, I tried to ride for free once / sim, já tentei andar sem pagar uma vez",,It saves money. / Para poupar dinheiro,,Yes / Sim,Maybe,Vergonha da falta de civismo ,Yes / Sim,Yes / Sim,No / Não,No / Não,,,,7,
16/10/2018 22:51:49,25 - 34,Male/ Masculino,Employed/ Empregado,Yes,Lisboa,2,Yes / Sim,"No, I always paid for my ride / não, pago sempre pela minha viagem",,,Valores morais,Yes / Sim,Não. Pela razão óbvia de estar a cometer uma ilegalidade,Desaprovação.,Yes / Sim,Yes / Sim,Maybe / Talvez,Maybe / Talvez,,,,3,"Obviamente que aqui a resposta seria metros mais regulares.
Mas sobre o questionário em geral e a problemática dos viajantes ilegais: Acho que o caminho não é acrescentar mais barreiras à entrada/saída do metro, aliás, acho que as barreiras já existentes deveriam ser mais do que suficientes para desencorajar as pessoas a não pagar. O ideal seria mesmo a não existência de barreiras para tornar o fluxo de passageiros mais fluido e o controlo deveria ser feito por controladores dentro do metro (em 8 anos que uso o metro com bastante regularidade nunca apanhei controladores)."
16/10/2018 22:55:28,18 - 24,Male/ Masculino,Student/ Estudante,Yes,Lisboa,6,Yes / Sim,"Yes, I tried to ride for free once / sim, já tentei andar sem pagar uma vez",,Equipamento não funcionava,,Yes / Sim,Maybe,Nada,Yes / Sim,Maybe / Talvex,No / Não,No / Não,,,,2,
16/10/2018 22:56:48,18 - 24,Male/ Masculino,Student/ Estudante,Yes,Lisboa,1,Yes / Sim,"No, I always paid for my ride / não, pago sempre pela minha viagem",,,"Não é algo moralmente correcto, e o uso sem pagar não vai com certeza melhorar a qualidade do metro.",Yes / Sim,Ajudo pelo facto de não saber como a pessoa vai reagir se eu não lhe deixar.,"Fico com má impressão da pessoa, mas não passa disso.",Yes / Sim,Yes / Sim,No / Não,No / Não,,,,6,"Maior frequência do metro, e possibilidade de carregamento do cartão através de uma aplicação/MBWay."
16/10/2018 23:08:50,25 - 34,Male/ Masculino,Student-worker/ Trabalhador-estudante,Yes,Lisboa,5,Yes / Sim,"Yes, I tried to ride for free once / sim, já tentei andar sem pagar uma vez",Foi facil. Os picas raramente aparecem. Mas ha sempre algum receio.,It saves me time when I'm in a rush. / Para poupar tempo quando esotu com pressa,,Yes / Sim,depende da pessoa. crianças ja ajudei. adultos nao.,acho mal. deviam pagar multa,Yes / Sim,Yes / Sim,Maybe / Talvez,Maybe / Talvez,,,,7,metros mais frequentes. melhor ar condicionado para o Verao
16/10/2018 23:16:25,18 - 24,Female/ Feminino,Student/ Estudante,Yes,Lisboa,2,Yes / Sim,"Yes, I tried to ride for free once / sim, já tentei andar sem pagar uma vez","I walked behind my friend who has a pass, it was easy, I was a little afraid of being cought ",It saves money. / Para poupar dinheiro,,Yes / Sim,Only a friend,"I get mad, I’ve only done it once",Yes / Sim,Yes / Sim,Maybe / Talvez,Maybe / Talvez,,,,8,
16/10/2018 23:17:54,25 - 34,Male/ Masculino,Student-worker/ Trabalhador-estudante,Yes,Porto,5,Yes / Sim,"Yes, I tried to ride for free once / sim, já tentei andar sem pagar uma vez","I didn't have money on me and had to get home. I figured, since I paid for several days where the subway didn't work because of strikes, I was justified to get a free ride once. I thought I might get caught, but I wasn't afraid since it was a one-time thing and in the worst case they'd probably just make me leave.",It saves money. / Para poupar dinheiro,,Yes / Sim,"The alternative is being a dick and leaving them inside the subway gates. Eventually, they'll get out. Also, I don't really have the guts to tell someone ""no"" like that.","it kind of pisses me off that I have to pay and they don't, but I move on with my life.",Yes / Sim,Yes / Sim,No / Não,No / Não,,,,7,"Increase the number of subways available, or improve public transportation in general (for example, every day I notice a train is either over 5 minutes late or got cancelled entirely). Currently, I often have to miss the subway even though I got there on time because it's too crowded to get inside it. When I do get inside, I'm usually stuffed between so many people I don't have enough personal space to get my phone out of my pocket."
16/10/2018 23:19:02,18 - 24,Male/ Masculino,Student/ Estudante,Yes,Lisboa,6,Yes / Sim,"No, I always paid for my ride / não, pago sempre pela minha viagem",,,Not athletic enough to jump the gate ,Yes / Sim,"No, because it is unfair","I feel a but angry, but i let it slide",Yes / Sim,Yes / Sim,No / Não,No / Não,,,,9,Have more metros running during rush hours 
16/10/2018 23:21:44,18 - 24,Female/ Feminino,Student/ Estudante,No,,,,,,,,,,,,,,,Maybe / Talvez,Maybe / Talvez,Maybe / Talvez,5,
16/10/2018 23:41:16,under 18,Male/ Masculino,Student/ Estudante,Yes,Lisboa,5,Yes / Sim,"No, I always paid for my ride / não, pago sempre pela minha viagem",,,,No / Não,Sim,Meh,Yes / Sim,Yes / Sim,No / Não,No / Não,,,,7,
16/10/2018 23:55:44,35 - 44,Male/ Masculino,Employed/ Empregado,Yes,Lisboa,0,Yes / Sim,"No, I always paid for my ride / não, pago sempre pela minha viagem",,,Honestidade ,Yes / Sim,Não. Encarece o preço aos restantes utilizadores e/ou aumenta encargos aos contribuintes. ,Nenhuma ,No / Não,Maybe / Talvex,Maybe / Talvez,Maybe / Talvez,,,,3,"Melhoria geral do serviço, aumento da frequência, maior rede, melhor estado das carruagens e das estações,  preços mais baixos. "
16/10/2018 23:57:38,18 - 24,Male/ Masculino,Student/ Estudante,Yes,Porto,7,No / Não,,,"It saves money. / Para poupar dinheiro, It saves me time when I'm in a rush. / Para poupar tempo quando esotu com pressa",,No / Não,Não,Nenhuma,Yes / Sim,No / Não,No / Não,No / Não,,,,3,Maior limpeza e rapidez nos serviços. E uma redução nos preços! Não fazem justiça ao serviço
17/10/2018 00:00:58,18 - 24,Female/ Feminino,Student/ Estudante,Yes,Porto,1,Yes / Sim,"No, I always paid for my ride / não, pago sempre pela minha viagem",,,Não quero pagar coimas!,No / Não,Não. Por uma questão de igualdade e justiça. ,Fico no meu canto e não digo nada,Yes / Sim,Maybe / Talvex,Yes / Sim,Maybe / Talvez,,,,7,"
Mais segurança"
17/10/2018 00:08:38,18 - 24,Female/ Feminino,Student/ Estudante,Yes,Lisboa,6,Yes / Sim,"Yes, I tried to ride for free once / sim, já tentei andar sem pagar uma vez","It was very easy, because there were no security guards. No",It saves money. / Para poupar dinheiro,,Yes / Sim,Yes,"Normal, it's too common to still get a reaction",Yes / Sim,No / Não,No / Não,No / Não,,,,6,Less waiting time in some lines
17/10/2018 00:09:01,18 - 24,Female/ Feminino,Student/ Estudante,Yes,Lisboa,0,Yes / Sim,"Yes, I tried to ride for free once / sim, já tentei andar sem pagar uma vez","Fui atras dum amigo na cancela, nao fui apanhada",It saves money. / Para poupar dinheiro,,No / Não,"Sim, se for um amigo",ignorar,Maybe / Talvez,Maybe / Talvex,No / Não,No / Não,,,,6,
17/10/2018 00:19:59,18 - 24,Female/ Feminino,Student/ Estudante,Yes,Lisboa,7,Yes / Sim,"Yes, I tried to ride for free once / sim, já tentei andar sem pagar uma vez","well honestly i was afraid because i could be caught by the vigilants but at the same time it was an adventure...but i remember that the vigilant was looking to me and i was with my sister, and my sister said to pass with her, i was too afraid but suddly he turn his self to look the other side and me and my sister just run and pass with the same tickit...so yah it was not easy...
",It saves money. / Para poupar dinheiro,,Yes / Sim,"i think yah i would help...and its alredy had happend with me, someone ask me to pass with me and let it be...acho que é uma forma de respeito ajudar aos outros, we dont know what is happening with that person, he might be too late for something and he/she dosent have too much time to buy the ticket, or dosent have money...i dont know...
","bem sinceramente nao gosto nada, e fico muito irritada porque ha muita gente que tambem nao quer tar a pagar o bilhete mas paga, ´uma simples regra...e tipo olhas para as pessoas a passarem assim do nada, ou mesmo muitas vezes passam por nossa traz ninguem gosta, porque eu e muita gente tambem faz o esforço de estar a pagar o bilhete por mais que seja caro...",Maybe / Talvez,Maybe / Talvex,Maybe / Talvez,Maybe / Talvez,,,,6,muitas vezes passam pessoas a pedir dinheiro e sinto me as vezes inconfortável... 
17/10/2018 00:38:49,25 - 34,Female/ Feminino,Employed/ Empregado,Yes,Lisboa,1,Yes / Sim,"No, I always paid for my ride / não, pago sempre pela minha viagem",,,,Yes / Sim,Nao,Nao faço nada,Yes / Sim,Yes / Sim,Maybe / Talvez,Maybe / Talvez,,,,5,
17/10/2018 01:00:15,18 - 24,Male/ Masculino,Student/ Estudante,No,,,,,,,,,,,,,,,No / Não,No / Não,No / Não,7,
17/10/2018 01:17:26,18 - 24,Male/ Masculino,Student/ Estudante,Yes,Lisboa,1,Yes / Sim,"Yes, I tried to ride for free once / sim, já tentei andar sem pagar uma vez","Andei sempre a espreitar por cima do ombro para ver se não vinha o revisor, sendo que fui apanhado uma vez",Não tinha dinheiro na altura da aquisição ,,Yes / Sim,"Não, não me responsabilizo por atos de outrem","Fico indignado, já que se não pagarmos pelo serviço, o metro não tem fundos para melhorar as suas condições ",Yes / Sim,Yes / Sim,No / Não,Yes / Sim,,,,8,Creating more stations
17/10/2018 01:28:33,18 - 24,Male/ Masculino,Student/ Estudante,Yes,Lisboa,5,Yes / Sim,"Yes, I tried to ride for free once / sim, já tentei andar sem pagar uma vez","Sim, nao, nao",It saves money. / Para poupar dinheiro,,Yes / Sim,Sim mas nao precisa e so colar se atras de alguem,Nenhuma ,Maybe / Talvez,No / Não,No / Não,No / Não,,,,6,Mais metros na hora de ponta 
17/10/2018 01:31:01,25 - 34,Female/ Feminino,Unemployed/ Desempregado,Yes,Lisboa,3,Yes / Sim,"No, I always paid for my ride / não, pago sempre pela minha viagem",,, Não quero correr o risco de pagar uma multa. ,Yes / Sim,Não ajudo. Não contem comigo para isso pois considero que não é correcto. ,Desaprovo. ,Yes / Sim,Yes / Sim,Yes / Sim,Yes / Sim,,,,5,"Passe mensal mais barato para os residentes, mais controlo nos acessos de entrada e saída, mais higiene e segurança nas estações, rede da madrugada no metro, 3 carruagens apenas para a afluência de utilizadores do metro é insuficiente na maioria das vezes. "
17/10/2018 01:33:00,18 - 24,Male/ Masculino,Student/ Estudante,Yes,Lisboa,5,Yes / Sim,"No, I always paid for my ride / não, pago sempre pela minha viagem",,,É o meu contributo para potenciar as melhorias nos transportes.,Yes / Sim,Depende da pessoa e da sua motivação.,Fico chateado.,Yes / Sim,Yes / Sim,Maybe / Talvez,Yes / Sim,,,,2,"Alargar os horários, baixar os preços dos passes e metros mais frequentes."
17/10/2018 02:26:36,18 - 24,Male/ Masculino,Student/ Estudante,Yes,Porto,3,Yes / Sim,"Yes, I tried to ride for free once / sim, já tentei andar sem pagar uma vez",,It saves money. / Para poupar dinheiro,,Yes / Sim,No,.. ,Maybe / Talvez,Yes / Sim,No / Não,No / Não,,,,7,Mais área de influencia 
17/10/2018 02:57:36,25 - 34,Male/ Masculino,Employed/ Empregado,Yes,Lisboa,1,Yes / Sim,"No, I always paid for my ride / não, pago sempre pela minha viagem",,,Because it is forbidden. If anyone wants to use this service has to pay like everybody else.,Yes / Sim,"No. If anyone wants to use this service has to pay. Additionally, if I get caught trying to help this person, we are both guilty.",Disapproval. I think that the Lisbon subway should have more personnel to prevent this from happen.,No / Não,Yes / Sim,No / Não,No / Não,,,,7,"Regarding the previous imaginary scenario, the people that do not pay for a ticket is seen by everybody. The addition of a light and sound would not make a difference. Additionally, it is not my job to enforce that the ticket is paid, therefore I would not call that person to pay.

Recommendations:
- increase security on checkpoints;
- Lisbon subway should develop an app with the location of the subways, updated in real time."
17/10/2018 07:56:33,18 - 24,Female/ Feminino,Student/ Estudante,Yes,Lisboa,5,Yes / Sim,"No, I always paid for my ride / não, pago sempre pela minha viagem",,,Don't think it's ethical,Yes / Sim,"If it were a friend, probably yes",Indiference,Yes / Sim,Maybe / Talvex,No / Não,No / Não,,,,6,
17/10/2018 08:31:21,25 - 34,Female/ Feminino,Employed/ Empregado,Yes,Lisboa,0,Yes / Sim,"No, I always paid for my ride / não, pago sempre pela minha viagem",,,Ethics ,Yes / Sim,"No, once again for ethic reasons. If you don't have the money to pay for it, walk. ",I wonder why there are no security guards. ,Yes / Sim,No / Não,Yes / Sim,Yes / Sim,,,,2,"Better service, more security "
17/10/2018 08:48:38,18 - 24,Male/ Masculino,Student-worker/ Trabalhador-estudante,No,,,,,,,,,,,,,,,No / Não,No / Não,No / Não,3,
17/10/2018 09:31:46,18 - 24,Female/ Feminino,Student/ Estudante,Yes,Lisboa,0,Yes / Sim,"No, I always paid for my ride / não, pago sempre pela minha viagem",,,Because it's illegal,No / Não,"I don't know, probably wouldn't. Because it's not right",I just look at the person,Yes / Sim,Maybe / Talvex,No / Não,No / Não,,,,7,
17/10/2018 09:46:40,18 - 24,Male/ Masculino,Student/ Estudante,Yes,Lisboa,0,Yes / Sim,"No, I always paid for my ride / não, pago sempre pela minha viagem",,,SE estou a usufruir de um serviço devo pagar por ele,Yes / Sim,"Depende das situações, na ultima estação da linha azul, onde o passe de metro não serve iria facilitar",Continuo com a minha vida,No / Não,No / Não,No / Não,Yes / Sim,,,,10,Tempos de espera a baterem certo com os tempos que aparecem nos painéis informativos
17/10/2018 10:00:46,18 - 24,Female/ Feminino,Student/ Estudante,Yes,Lisboa,3,Yes / Sim,"Yes, I tried to ride for free once / sim, já tentei andar sem pagar uma vez","Já sem tempo, passei a pica com uma amiga. Quando cheguei a minha estação, disse ao monitor que lhe pagaria a viagem ali mesmo, visto que não tinha pago por falta de tempo (linha para carregar bilhete+linha para entrar+metro a chegar). Ele disse que à saída ajudavam sempre, deixou me ir sem represálias e passou o seu cartão à saída. Noutra situação, primeira vez que andei a pica, não me lembro do contexto, mas falei com outro monitor a quem disse que perdi o bilhete. Não minto por hábito, por isso não o faço discretamente. Ele avisou me dos perigos de andar a pica e da multa que poderia pagar. Desde então só o fiz uma vez, na primeira experiência que relatei.",It saves me time when I'm in a rush. / Para poupar tempo quando esotu com pressa,,Yes / Sim,"Não propositadamente. Há quem passe colado a nós, e é difícil prevenir essas situações. Não acho que seja correto, por isso não permito que passem comigo assim como não passo com outros","Fico desapontada, mas sei que não tomar ação é mais seguro ",Yes / Sim,Yes / Sim,No / Não,No / Não,,,,5,Metros mais frequentes nas horas de ponta (em vez de tempos de espera de 9 minutos por metros cheios)
17/10/2018 10:06:12,18 - 24,Male/ Masculino,Student/ Estudante,Yes,Lisboa,5,Yes / Sim,"Yes, I tried to ride for free once / sim, já tentei andar sem pagar uma vez",Esqueci me do passe e estava com amigos.,It was once ,,Yes / Sim,Não,Se forem apanhados problema deles,Yes / Sim,No / Não,No / Não,Maybe / Talvez,,,,6,Mais frequência e menos greves
17/10/2018 11:06:06,18 - 24,Male/ Masculino,Student/ Estudante,Yes,Lisboa,5,Yes / Sim,"No, I always paid for my ride / não, pago sempre pela minha viagem",,,Pagar bilhete sustenta um serviço para todos,Yes / Sim,Recusar educadamente,Desapontamento,Yes / Sim,Yes / Sim,No / Não,Maybe / Talvez,,,,3,Maior frequência do serviço e maior rapidez
17/10/2018 11:22:23,25 - 34,Female/ Feminino,Unemployed/ Desempregado,Yes,Lisboa,5,Yes / Sim,"No, I always paid for my ride / não, pago sempre pela minha viagem",,,As multas,Yes / Sim,Não se eu pago os outros tb tem que pagar,Fico chateada mas fico calada,Yes / Sim,No / Não,No / Não,No / Não,,,,6,As escadas e elevadores estarem menos avariadas
17/10/2018 11:49:32,25 - 34,Male/ Masculino,Student-worker/ Trabalhador-estudante,Yes,Lisboa,5,Yes / Sim,"Yes, I tried to ride for free once / sim, já tentei andar sem pagar uma vez","Foi fixe, obrigado","It saves money. / Para poupar dinheiro, Há situações em que não tenho dinheiro e gosto de ir para casa",,No / Não,"Sim, porque não tenho nada a ver com o problema da pessoa e ele ou ela pode estar numa má situação. Em geral, as pessoas querem deslocar-se no metro para ir trabalhar, ir para casa, ir ao médico, entre outras coisas que acho importante ajudar.",A mesma que teria se entrasse com bilhete.,No / Não,No / Não,No / Não,No / Não,,,,4,"Aumentarem o número de estações é inútil se não renovarem a frota e não melhorarem os horários. Na minha zona não há metro, mas prefiro que melhorem o que já existe do que implementarem metro na minha zona. "
17/10/2018 11:50:15,18 - 24,Male/ Masculino,Student/ Estudante,Yes,Lisboa,1,Yes / Sim,"No, I always paid for my ride / não, pago sempre pela minha viagem",,,,Yes / Sim,Não,Ignorar,Yes / Sim,No / Não,No / Não,No / Não,,,,5,
17/10/2018 11:50:17,25 - 34,Male/ Masculino,Student-worker/ Trabalhador-estudante,Yes,Lisboa,7,Yes / Sim,"Yes, I tried to ride for free once / sim, já tentei andar sem pagar uma vez",o metro nao tem picas,tinha me esquecido do passe,,Yes / Sim,"sim, porque devemos ajudar o próximo.",nao quero saber,No / Não,No / Não,No / Não,No / Não,,,,5,mais metros
17/10/2018 12:13:28,25 - 34,Male/ Masculino,Student-worker/ Trabalhador-estudante,Yes,Lisboa,1,Yes / Sim,"No, I always paid for my ride / não, pago sempre pela minha viagem",,,"Because I'm a civilized person, maybe?",No / Não,"No. Pay, bitch.","Honestly, I don't care. Will I risk getting stabbed or my ass kicked for one ride? Also, there are security guards there, they should control. If they don't increase the security it's because either: a) they don't care or b) it's not worth it.",Yes / Sim,Maybe / Talvex,No / Não,Maybe / Talvez,,,,3,"Increase number of trains, reducing waiting times along with more carriages during rush hours so I won't feel like a canned sardine."
17/10/2018 12:13:35,25 - 34,Female/ Feminino,Student-worker/ Trabalhador-estudante,Yes,Lisboa,6,Yes / Sim,"No, I always paid for my ride / não, pago sempre pela minha viagem",,,Porque é necessário. ,Yes / Sim,Não. Porque não é correto. Prefiro dar o dinheiro.,Irrita-me seriamente,Yes / Sim,Yes / Sim,Yes / Sim,Yes / Sim,,,,4,Mais manutenção. Está sempre a avariar.
17/10/2018 12:14:36,18 - 24,Female/ Feminino,Student/ Estudante,Yes,Lisboa,6,Yes / Sim,"No, I always paid for my ride / não, pago sempre pela minha viagem",,,,Yes / Sim,Sim,Ignoro,Yes / Sim,No / Não,No / Não,No / Não,,,,7,"Menor tempo de espera, ou seja, circulação com maior frequência."
17/10/2018 12:21:15,18 - 24,Male/ Masculino,Student/ Estudante,Yes,Lisboa,5,Yes / Sim,"No, I always paid for my ride / não, pago sempre pela minha viagem",,,"O metro é um serviço, e é só justo pagar pelos serviços que consumo",No / Não,"Não, a não ser que seja um conhecido, nesse caso se é excepcionalmente posso ajudar.",Geralmente ignoro.,Yes / Sim,Maybe / Talvex,Maybe / Talvez,No / Não,,,,6,Mais frequência de passagem/menos atrasos
17/10/2018 12:24:30,18 - 24,Female/ Feminino,Student/ Estudante,Yes,Lisboa,2,Yes / Sim,"No, I always paid for my ride / não, pago sempre pela minha viagem",,,"Everybody should pay if they are using it. The money lost could be used to improve the system, which is already pretty bad",Yes / Sim,Depends on the situation,I get frustrated because nobody cares or does anything (security),Yes / Sim,Maybe / Talvex,No / Não,No / Não,,,,2,"More trains, less wait time"
17/10/2018 12:47:55,18 - 24,Male/ Masculino,Student/ Estudante,Yes,Lisboa,7,Yes / Sim,"No, I always paid for my ride / não, pago sempre pela minha viagem",,,Porque nao necessitei,Yes / Sim,So ajudaria caso reparasse que era uma situação urgente e eu nao tivesse dinheiro para pagar o bilhete ao cujo,Fico triste,Yes / Sim,Yes / Sim,Maybe / Talvez,No / Não,,,,8,Mais seguranças em cada paragem
17/10/2018 13:02:47,18 - 24,Female/ Feminino,Student/ Estudante,Yes,Lisboa,7,Yes / Sim,"No, I always paid for my ride / não, pago sempre pela minha viagem",,,,Yes / Sim,No,Indiferente ,Yes / Sim,No / Não,No / Não,No / Não,,,,8,"Mais metros, novos metros (há sempre demasiadas avarias) "